{
  "comment": "Do not edit this file, use utils/roll_browser.js",
  "browsers": [
    {
      "name": "chromium",
      "revision": "1148",
      "installByDefault": true,
      "browserVersion": "131.0.6778.33"
    },
    {
      "name": "chromium-headless-shell",
      "revision": "1148",
      "installByDefault": true,
      "browserVersion": "131.0.6778.33"
    },
    {
      "name": "chromium-tip-of-tree",
      "revision": "1277",
      "installByDefault": false,
      "browserVersion": "132.0.6834.0"
    },
    {
      "name": "firefox",
      "revision": "1466",
      "installByDefault": true,
      "browserVersion": "132.0"
    },
    {
      "name": "firefox-beta",
      "revision": "1465",
      "installByDefault": false,
      "browserVersion": "132.0b8"
    },
    {
      "name": "webkit",
      "revision": "2104",
      "installByDefault": true,
      "revisionOverrides": {
        "mac10.14": "1446",
        "mac10.15": "1616",
        "mac11": "1816",
        "mac11-arm64": "1816",
        "mac12": "2009",
        "mac12-arm64": "2009",
        "ubuntu20.04-x64": "2092",
        "ubuntu20.04-arm64": "2092"
      },
      "browserVersion": "18.2"
    },
    {
      "name": "ffmpeg",
      "revision": "1010",
      "installByDefault": true,
      "revisionOverrides": {
        "mac12": "1010",
        "mac12-arm64": "1010"
      }
    },
    {
      "name": "android",
      "revision": "1001",
      "installByDefault": false
    }
  ]
}
